model,granularity,subset,bits,quantized,agg_mse,agg_mae,agg_r2,mse_x_entry,mse_y_entry,mse_n_x,mse_n_y,mse_n_z,rmse_x_entry,rmse_y_entry,rmse_n_x,rmse_n_y,rmse_n_z,mae_x_entry,mae_y_entry,mae_n_x,mae_n_y,mae_n_z,r2_x_entry,r2_y_entry,r2_n_x,r2_n_y,r2_n_z,delta_mae_x_entry,delta_mae_y_entry,delta_mae_n_x,delta_mae_n_y,delta_mae_n_z,delta_mse_x_entry,delta_mse_y_entry,delta_mse_n_x,delta_mse_n_y,delta_mse_n_z
s4_concat,baseline,none,,False,10.21053228048407,1.0136184805499988,0.9960707028132809,50.347872081315316,0.7033426171665362,0.0011865933725147635,4.314357503993629e-05,0.00021696699094219342,7.0956234455694815,0.8386552433309746,0.03444696463427167,0.006568376895393282,0.014729799419618498,4.594100205452962,0.4515853812770813,0.011530751629568408,0.0030129236788491495,0.007863140711532263,0.9992111237939951,0.9961591374091453,0.9985675094263496,0.9901316747739863,0.9962840686629277,0.0,0.0,0.0,0.0,0.0,0.0,0.0,0.0,0.0,0.0
s4_modulate_full,baseline,none,,False,10.524976797110309,1.065887598784317,0.9956685941547025,51.94591606757809,0.6771892727917337,0.0014728459433544744,4.7870555313449074e-05,0.00025792868304913254,7.2073515293468295,0.8229151066736676,0.038377675064475626,0.006918855057988213,0.016060158251061305,4.857857409513038,0.4452935218014889,0.014315994605601696,0.003138165196137863,0.008832902805320538,0.9991860848236316,0.9963019574225829,0.9982219368663563,0.9890504621338008,0.9955825295271418,0.0,0.0,0.0,0.0,0.0,0.0,0.0,0.0,0.0,0.0
s4_concat,per_tensor,A,8,True,10.404666267848828,1.0319000171564432,0.9960398525498194,51.3145649104719,0.7073194370597268,0.00118070642395859,4.323214543098653e-05,0.0002230531431213589,7.163418521241929,0.841022851686996,0.0343614089344222,0.006575115621111657,0.014934963780383228,4.674608023301171,0.4621036074178374,0.011483320539753462,0.003013706918102714,0.008291427605351098,0.9991959771564132,0.9961374205127345,0.9985746163245589,0.9901114158727833,0.9961798328826068,0.0805078178482086,0.010518226140756093,-4.743108981494597e-05,7.832392535647367e-07,0.00042828689381883486,0.9666928291565853,0.003976819893190542,-5.886948556173581e-06,8.857039105023852e-08,6.086152179165464e-06
s4_concat,per_tensor,A,6,True,18.31283557261361,1.5183645147759732,0.9950549231912381,90.7378515383896,0.8242445718529806,0.0017213435481784705,4.986581995546422e-05,0.000310543457318986,9.525641791416975,0.9078791614818464,0.041489077456343504,0.007061573475895031,0.01762224325444936,7.013642067952056,0.5445094269402233,0.018790725414125305,0.003606629226459689,0.011273724347000934,0.9985782729417634,0.9954989075530517,0.9979219432166946,0.9885940808445556,0.9946814114001248,2.419541862499094,0.092924045663142,0.007259973784556896,0.0005937055476105397,0.0034105836354686708,40.38997945707429,0.12090195468644438,0.000534750175663707,6.7222449155279296e-06,9.357646637679257e-05
s4_concat,per_tensor,A,4,True,57.67595358734229,2.9001141200631304,0.9679831130985164,282.7094843846057,5.664066642850906,0.0042388468266618285,0.0004051364425914816,0.001572925985685255,16.81396694372288,2.3799299659550712,0.06510642692286091,0.020128001455471965,0.0396601309337886,12.753368321192523,1.6733445987741196,0.03420988869345177,0.013021433946829418,0.026626357708727504,0.9955703632303917,0.9690692684480361,0.9948827388868081,0.9073322465117426,0.9730609484156032,8.159268115739561,1.2217592174970382,0.02267913706388336,0.010008510267980268,0.018763216997195242,232.36161230329037,4.960724025684369,0.003052253454147065,0.0003619928675515453,0.0013559589947430616
s4_concat,per_tensor,A,2,True,13114.230933978717,46.55305699487504,-5.191640367503273,63253.94424177136,2316.057525429497,1.0023798349300046,0.06394613369173768,0.08657672410685573,251.50336825134443,48.1254353271687,1.001189210354369,0.25287572776314,0.2942392293812226,184.80105423992214,46.718341402515705,0.8212357831204359,0.23197327449016283,0.19268027432674958,0.008904855647068666,-11.647689036001196,-0.2101025490403292,-13.626540420725156,-0.48277468739675133,180.20695403446916,46.26675602123862,0.8097050314908675,0.2289603508113137,0.18481713361521732,63203.59636969004,2315.3541828123307,1.0011932415574898,0.06390299011669774,0.08635975711591354
s4_concat,per_tensor,B,8,True,10.225165542804913,1.0144283644762218,0.9960705916767439,50.42172306079031,0.7026575025090304,0.00118684478032695,4.3141165672741e-05,0.00021716477920620653,7.100825519669549,0.8382466835657809,0.03445061364224083,0.00656819348624422,0.014736511771997012,4.598456254725596,0.4512782802960776,0.01152265887434259,0.0030129770353289195,0.00787165144976381,0.9992099666590838,0.9961628787312183,0.9985672059194116,0.9901322258738674,0.9962806812001384,0.004356049272633555,-0.0003071009810037273,-8.092755225818857e-06,5.33564797700406e-08,8.510738231546841e-06,0.0738509794749973,-0.0006851146575058698,2.5140781218652153e-07,-2.4093671952910294e-09,1.9778826401310257e-07
s4_concat,per_tensor,B,6,True,10.211591644266882,1.0151397784182778,0.9960700908355111,50.352231800893506,0.7042811332775244,0.0011837044555167565,4.3030823236813794e-05,0.00021855188463203572,7.095930650795109,0.8392145931032923,0.034405006256601034,0.006559788353050256,0.014783500418778893,4.600515079495561,0.45270111551897674,0.01151362478373658,0.003010306293532024,0.007958765999583086,0.9992110554836793,0.9961540122946796,0.998570997012294,0.990157464742991,0.9962569246439116,0.006414874042598662,0.0011157342418954275,-1.7126845831829177e-05,-2.617385317125326e-06,9.5625288050823e-05,0.0043597195781899245,0.0009385161109881635,-2.8889169980069775e-06,-1.1275180312249767e-07,1.584893689842294e-06
s4_concat,per_tensor,B,4,True,10.242510355478954,1.0117351054775086,0.9960389864723405,50.49858020916057,0.7125143315048464,0.0011928083835033485,4.326021885608623e-05,0.00022116812699221508,7.106235304938936,0.8441056400148303,0.03453705811882866,0.006577250098337924,0.014871722394941854,4.5756495248429605,0.4605936617704858,0.01139265014888351,0.003005599402138931,0.008034091223073796,0.9992087624219809,0.9961090518695573,0.9985600064814802,0.9901049945762441,0.9962121170124403,-0.01845068061000177,0.009008280493404464,-0.00013810148068489798,-7.3242767102185e-06,0.00017095051154153267,0.150708127845256,0.00917171433831021,6.215010988584995e-06,1.166438161499388e-07,4.201136050021654e-06
s4_concat,per_tensor,B,2,True,14.901524442889926,1.347805978169694,0.9948566816518655,73.65633640643681,0.849486900545892,0.001456299208286321,5.811629953451514e-05,0.0002844919591138965,8.58232698086229,0.921676136474137,0.03816148854914233,0.007623404720629434,0.016866889432076575,6.141008075288184,0.5638287704351042,0.018967727011204537,0.004268735080799747,0.010956583033177252,0.9988459148557721,0.995361062477812,0.9982419125737543,0.9867069304245616,0.9951275879274278,1.5469078698352217,0.11224338915802284,0.007436975381636129,0.0012558114019505977,0.0030934423216449885,23.30846432512149,0.1461442833793558,0.0002697058357715575,1.497272449457885e-05,6.752496817170306e-05
s4_concat,per_tensor,C,8,True,10.27227061128589,1.0185140704401676,0.9960602294396091,50.65569294045247,0.7042117654590376,0.0011880415033750508,4.3321502694168065e-05,0.00021698751187597897,7.117281288557623,0.8391732630744605,0.03446797794149014,0.006581907223151057,0.014730495982008852,4.617975808827257,0.4521724778170699,0.011557426840117653,0.0030289123282948006,0.007835726388097727,0.9992063006993648,0.9961543911033178,0.9985657611999944,0.9900909769885795,0.9962837172067888,0.02387560337429484,0.000587096539988563,2.6675210549245015e-05,1.5988649445651103e-05,-2.741432343453601e-05,0.30782085913715207,0.0008691482925013982,1.448130860287264e-06,1.7792765423177296e-07,2.0520933785545632e-08
s4_concat,per_tensor,C,6,True,10.400407448729508,1.0240970604748336,0.9960764817970217,51.30533413344834,0.6952490473293746,0.00119484501238498,4.317017429330652e-05,0.00021604768314974687,7.162774192549165,0.833815955309908,0.034566530233521846,0.006570401379923948,0.014698560580878213,4.649602361801023,0.4483142029080695,0.011734831486254267,0.003004271969078369,0.007829634209742226,0.9991961217889479,0.996203335341782,0.9985575478029283,0.9901255906680034,0.9962998133834473,0.05550215634806044,-0.003271178369011807,0.00020407985668585878,-8.651709770780489e-06,-3.350650179003746e-05,0.9574620521330246,-0.008093569837161585,8.25163987021641e-06,2.6599253370229237e-08,-9.193077924465551e-07
s4_concat,per_tensor,C,4,True,17.67875314186839,1.4955098539901273,0.9951136589275104,87.4920291408741,0.9000049850252364,0.0014280019522896097,5.303617514047298e-05,0.000250545315201626,9.353717396889543,0.9486859253858657,0.03778891308690434,0.007282593984321313,0.015828623288259343,6.851696440200526,0.5936661791987549,0.018403062186006354,0.004070443182454899,0.009713145182893531,0.9986291301468938,0.9950851897863205,0.9982760738571512,0.9878689184995555,0.9957089823476308,2.257596234747564,0.14208079792167355,0.006872310556437946,0.0010575195036057498,0.0018500044713612683,37.14415705955878,0.19666236785870017,0.00024140857977484622,9.892600100536686e-06,3.3578324259432574e-05
s4_concat,per_tensor,C,2,True,320.1590982803568,6.475174311947112,0.9645327160975444,1594.7270788982112,6.058173783847477,0.007538688752744662,0.00030208543311569826,0.0023979455396003443,39.93403409246568,2.4613357722682774,0.08682562267409696,0.01738060508485531,0.048968822117755134,30.359428318346634,1.9008015934045552,0.06390375032893772,0.011631794846244905,0.04010610280918471,0.9750130006371933,0.9669171005888774,0.9908990722296853,0.9309033315559166,0.9589310754760496,25.76532811289367,1.4492162121274739,0.05237299869936931,0.008618871167395755,0.03224296209765245,1544.379206816896,5.35483116668094,0.006352095380229898,0.000258941858075762,0.0021809785486581507
s4_concat,per_tensor,A+B+C,8,True,10.429487655493139,1.0337472999038524,0.9960359438932643,51.436891127368796,0.7091006287602156,0.0011805446590105984,4.329537882624023e-05,0.00022268129885159605,7.171951695833485,0.8420811295595072,0.03435905497842742,0.006579922402752196,0.014922509804037525,4.6821186398337975,0.4638772727371527,0.01147866997046729,0.0030227216471879117,0.008239195330656016,0.9991940604866932,0.9961276936564306,0.9985748116119829,0.9900969523586001,0.9961862013526147,0.08801843438083523,0.012291891460071369,-5.208165910111813e-05,9.79796833876223e-06,0.00037605461912375293,1.0890190460534797,0.005758011593679391,-6.048713504165073e-06,1.5180378630393992e-07,5.7143079094026255e-06
s4_concat,per_tensor,A+B+C,6,True,18.951720904177733,1.5576930434694938,0.9950254666217665,93.90528870461928,0.8512905989407656,0.0016646789604087273,4.994216601339156e-05,0.00031059620219235504,9.690474121766142,0.9226541057952138,0.040800477453195656,0.007066977148214897,0.01762373973344917,7.188839800526678,0.5661178981910167,0.018569826627869095,0.003576031270645401,0.011361660731260784,0.9985286439165204,0.9953512127153762,0.9979903503810359,0.9885766180420722,0.9946805080538278,2.5947395950737153,0.11453251691393534,0.007039074998300686,0.0005631075917962515,0.0034985200197285207,43.557416623303965,0.1479479817742294,0.0004780855878939638,6.79859097345527e-06,9.362921125016162e-05
s4_concat,per_tensor,A+B+C,4,True,59.0773056362955,2.9446817013559063,0.9600494736403491,289.1230177830137,6.253597551674343,0.007404697513773014,0.0005159454805105727,0.001992203795145131,17.0036177851366,2.5007194068256324,0.08605055208290656,0.02271443330815393,0.044634110220157085,12.898176183859606,1.7178454998756627,0.05947276817615491,0.015192708358713312,0.03272134650939481,0.9954698727094368,0.9658499167997961,0.9910608304117421,0.8819866504837115,0.9658800977970587,8.304075978406644,1.2662601185985813,0.0479420165465865,0.012179784679864162,0.024858205797862548,238.77514570169842,5.550254934507807,0.00621810414125825,0.0004728019054706364,0.0017752368042029374
s4_concat,per_tensor,A+B+C,2,True,5351.801977519846,37.08841086865715,-9.18773334150903,23155.7413128374,3602.6634504319486,0.4201931032522624,0.12867170719947452,0.056259519435265005,152.17010650202423,60.02219131647851,0.6482230351138891,0.35870838741166133,0.23719089239527097,125.91181720020695,58.449005290273206,0.590604881827366,0.3340696295931322,0.1565573413850996,0.6371840040310024,-18.673676720953036,0.49273047240596624,-28.43136383240004,0.03645936937095595,121.317716994754,57.99741990899612,0.5790741301977976,0.33105670591428304,0.14869420067356734,23105.393440756085,3601.960107814782,0.41900650987974764,0.1286285636244346,0.05604255244432281
s4_concat,per_channel,A,8,True,10.168296929547315,1.0171752833817824,0.996032230576042,50.12418370439141,0.7158476890239338,0.0011899626329205494,4.3469785088570767e-05,0.00021982190322581655,7.07984348021843,0.8460778268126011,0.034495835008310057,0.0065931619947162505,0.014826392117633222,4.599241934643503,0.4637207883936953,0.011732545827745258,0.0030754727361795116,0.008105675307787545,0.9992146286578716,0.996090848837515,0.998563441955653,0.9900570600289417,0.9962351734002279,0.0051417291905409,0.012135407116613983,0.00020179419817684986,6.25490573303621e-05,0.0002425345962552821,-0.22368837692390287,0.012505071857397576,3.3692604057859385e-06,3.2621004863447466e-07,2.854912283623126e-06
s4_concat,per_channel,A,6,True,19.278101301128956,1.5685671206248044,0.9949702003035101,95.55252344416195,0.8358580213032017,0.0017624404091986763,5.079976009916659e-05,0.00031180001033831076,9.77509710663592,0.9142527119474143,0.04198142933725192,0.007127395043013022,0.017657859732660434,7.253591828547143,0.5546127679843855,0.01956447009528351,0.0036848696971607197,0.011381666800048873,0.99850283420028,0.9954354880154672,0.9978723298719872,0.9883804586523485,0.9946598907774673,2.6594916230941807,0.10302738670730421,0.008033718465715102,0.0006719460183115702,0.00351852608851661,45.20465136284663,0.13251540413666552,0.0005758470366839128,7.656185059230299e-06,9.483301939611734e-05
s4_concat,per_channel,A,4,True,44.73610865980422,2.573508973916856,0.9723418392221832,217.62501297990946,6.050645562040493,0.003492180492445898,0.00034863476552452665,0.0010439418131898733,14.752118931865668,2.4598060008952927,0.059094673976982884,0.01867176385681135,0.03231008841197859,11.018872346961379,1.7851451353166927,0.0292141469905711,0.011715912625454116,0.02259732769018296,0.9965901400104044,0.966958211229422,0.9957841365434962,0.9202559999233637,0.9821207084042299,6.4247721415084165,1.3335597540396114,0.01768339536100269,0.008702988946604966,0.014734186978650697,167.27714089859415,5.347302944873956,0.0023055871199311345,0.00030549119048459036,0.00082697482224768
s4_concat,per_channel,A,2,True,11801.479859424457,44.76986128857316,-5.133948800251324,56794.14784110151,2212.124277386714,0.9797113291041509,0.06612009035292096,0.08134721459843482,238.31522788336778,47.03322524967551,0.9898036821027445,0.25713827088343144,0.28521433098362153,176.91355498305273,45.69592430541964,0.8105861139284863,0.23661199864112084,0.19262904182385757,0.11012024897877049,-11.080123080789036,-0.18273645913418446,-14.123794330257617,-0.3932103800545528,172.31945477759976,45.24433892414255,0.7990553622989179,0.2335990749622717,0.1847659011123253,56743.7999690202,2211.4209347695473,0.9785247357316361,0.06607694677788102,0.08113024760749263
s4_concat,per_channel,B,8,True,10.213376145121476,1.0139800972345416,0.9960698305083548,50.361504185308846,0.7039299292079682,0.001186576660276851,4.3154278091946986e-05,0.00021688015220730164,7.096583980008187,0.839005321322796,0.034446722054164325,0.0065691915858762245,0.014726851401684667,4.595482763215161,0.4520154956499339,0.011530411209426921,0.0030137732195143507,0.007858042878671645,0.9992109101992187,0.9961559301744435,0.9985675296018569,0.9901292266412561,0.9962855559249986,0.001382557762198644,0.0004301143728525636,-3.4042014148728816e-07,8.495406652012268e-07,-5.0978328606180595e-06,0.013632103993529654,0.00058731204143192,-1.6712237912563238e-08,1.070305201069402e-08,-8.683873489178664e-08
s4_concat,per_channel,B,6,True,10.203237475835081,1.013047871123487,0.9960719429662968,50.3119020648438,0.7028388982986945,0.0011862845367249593,4.313000235290267e-05,0.00021700149383635506,7.093088330540076,0.838354876110764,0.034442481570365384,0.006567343629878268,0.01473097056667873,4.591502974444735,0.45133619635570044,0.011517145113641467,0.0030103528380220064,0.007872686865337089,0.9992116873906071,0.9961618881523941,0.9985678822620386,0.9901347792846745,0.9962834777417693,-0.0025972310082273964,-0.0002491849213808739,-1.3606515926941135e-05,-2.5708408271430706e-06,9.54615380482568e-06,-0.03597001647151643,-0.0005037188678417293,-3.088357898041981e-07,-1.3572687033620314e-08,3.450289416163672e-08
s4_concat,per_channel,B,4,True,10.192394191132228,1.0140271185936958,0.9960432136796268,50.24673443180305,0.7137911046928326,0.0011825064178817156,4.332747503238327e-05,0.00021958527234426618,7.088493100215521,0.8448615890741114,0.03438759104505164,0.006582360901104046,0.014818409912816766,4.588643541456608,0.4589411213240574,0.011439780976801624,0.0030216370990098626,0.008089512112001658,0.9992127084704061,0.9961020795771709,0.9985724433187194,0.9900896109224662,0.9962392261093717,-0.005456663996354472,0.007355740046976089,-9.097065276678432e-05,8.713420160713116e-06,0.000226371400469395,-0.10113764951226756,0.010448487526296346,-4.086954633047892e-06,1.8389999244697677e-07,2.6182814020727534e-06
s4_concat,per_channel,B,2,True,10.841648237882367,1.0618194316347174,0.9959005063056386,53.474089249892735,0.732651481653106,0.0012199394511076698,4.433528195152595e-05,0.00023618313294204862,7.3125979822422025,0.8559506303830298,0.03492763162751906,0.006658474446262143,0.015368250809446357,4.799693402451537,0.4844914580244283,0.012739263496114187,0.003092411936515453,0.00908062226499048,0.9991621406247538,0.9959990855106262,0.9985272530551621,0.9898590930195358,0.9959549593181154,0.20559319699857515,0.03290607674734697,0.0012085118665457785,7.948825766630361e-05,0.0012174815534582162,3.126217168577419,0.029308864486569774,3.334607859290634e-05,1.1917069115896587e-06,1.9216141999855193e-05
s4_concat,per_channel,C,8,True,10.219402197595823,1.0142669782292484,0.9960706937503965,50.39183258613387,0.7037311821419857,0.0011868576502924884,4.310864412674361e-05,0.00021725340883219194,7.09872048936524,0.8388868708842604,0.03445080043035994,0.006565717335275987,0.014739518609242025,4.597001267614373,0.45190180449489203,0.01155737164565492,0.003009579869302501,0.007864867522019923,0.9992104349983256,0.9961570155063317,0.998567190382409,0.9901396645989257,0.9962791632659901,0.002901062161410728,0.000316423217810724,2.66200160865121e-05,-3.3438095466483027e-06,1.7268104876601298e-06,0.043960504818556956,0.0003885649754494791,2.6427777772490384e-07,-3.49309131926823e-08,2.8641788999851495e-07
s4_concat,per_channel,C,6,True,10.197292391044625,1.0121410598824858,0.9960625616800749,50.28154360132853,0.7034703856054467,0.0011881262621993532,4.335054437527758e-05,0.0002164914825735383,7.090948004415808,0.8387314144620116,0.03446920744953898,0.006584113028744083,0.01471364953278208,4.588026982974448,0.45021692772142097,0.01160661157564452,0.003028108412141555,0.007826668728773852,0.9992121630625377,0.9961584396823115,0.9985656588766377,0.9900843342207042,0.9962922125581832,-0.006073222478514495,-0.0013684535556603428,7.585994607611085e-05,1.5184733292405647e-05,-3.6471982758410834e-05,-0.0663284799867867,0.0001277684389104916,1.5328896845897243e-06,2.069693353412875e-07,-4.7550836865511287e-07
s4_concat,per_channel,C,4,True,10.40549245086248,1.0305146443042303,0.9960124137157885,51.29014805935838,0.7358309732346835,0.0012197160109907667,4.314892689113488e-05,0.00022035678145373189,7.16171404479112,0.8578059065048943,0.03492443286569972,0.00656878427801788,0.014844419202304006,4.653155157566124,0.4761733206704036,0.012377085536957572,0.00300889655738974,0.00785876119027724,0.9991963597321224,0.9959817227204646,0.9985275227986721,0.9901304506332391,0.996226012694445,0.05905495211316136,0.024587939393322267,0.0008463339073891633,-4.0271214594095675e-06,-4.37952125502232e-06,0.9422759780430638,0.03248835606814726,3.31226384760032e-05,5.351851198585097e-09,3.3897905115384624e-06
s4_concat,per_channel,C,2,True,43.774480623900104,2.4419421117122635,0.9918891799491754,217.6404870886128,1.2280821776306365,0.0030921791837587786,6.617121035706431e-05,0.0006755028629647735,14.752643393257115,1.108188692249942,0.055607366272453315,0.008134568848873572,0.02599043791406319,11.37169503383256,0.7747955304039587,0.03971589575136746,0.00445571175186919,0.019048386821561923,0.9965898975541562,0.9932936028907801,0.996267029940185,0.984864512878267,0.9884308564824886,6.777594828379598,0.32321014912687734,0.028185144121799052,0.001442788073020041,0.01118524611002966,167.29261500729746,0.5247395604641003,0.0019055858112440151,2.3027635317128023e-05,0.00045853587202258005
s4_concat,per_channel,A+B+C,8,True,10.158668523525964,1.0165362865971486,0.9960313422787564,50.074993170491204,0.7168957167304366,0.0011902608881370796,4.3451275882093837e-05,0.00022001824417197365,7.0763686429192765,0.8466969450343119,0.034500157798727234,0.0065917581783689425,0.01483301197235321,4.595246899521832,0.4645237815791396,0.011736852954428587,0.003072968367017302,0.008100930563325724,0.9992153994003111,0.9960851256944637,0.9985630818931446,0.9900612936806273,0.9962318107252357,0.0011466940688693583,0.012938400302058284,0.0002061013248601789,6.0044688168152654e-05,0.00023778985179346082,-0.27287891082411164,0.013553099563900384,3.667515622316061e-06,3.0770084215754465e-07,3.0512532297802253e-06
s4_concat,per_channel,A+B+C,6,True,19.215273019512175,1.5679019966559775,0.9949732370521094,95.24254350169336,0.8316935986410217,0.0017658744105253311,5.087744043676029e-05,0.0003112453755294139,9.75922863251463,0.9119723672573756,0.042022308486390075,0.007132842381320387,0.017642147701723107,7.254830402841216,0.550207417841001,0.019488866233670497,0.0036876459003000526,0.011295650463700287,0.9985076911245321,0.9954582293862093,0.9978681842441384,0.9883626906571295,0.9946693898485383,2.6607301973882533,0.09862203656391971,0.007958114604102088,0.0006747222214509032,0.0034325097521680243,44.894671420378046,0.12835098147448543,0.0005792810380105676,7.733865396824e-06,9.427838458722049e-05
s4_concat,per_channel,A+B+C,4,True,46.214760959739294,2.6080562918477517,0.9740091475203222,225.54253920465175,5.5261596128565404,0.0037005330103348773,0.0003199567521319215,0.0010854914257216967,15.018073751471983,2.3507785120798896,0.06083200646316771,0.01788733496449154,0.03294679689623404,11.2673646126043,1.7093153144867514,0.0299402284953202,0.010991929335581812,0.022669374316803468,0.9964660841607543,0.9698223608095584,0.9955326072287489,0.9268155852783612,0.9814091001241881,6.673264407151338,1.25772993320967,0.01840947686575179,0.007979005656732662,0.014806233605271205,175.19466712333644,4.822816995690005,0.0025139396378201138,0.0002768131770919852,0.0008685244347795033
s4_concat,per_channel,A+B+C,2,True,9737.894724253576,46.85151360950911,-2.8738711765913627,46847.75927720746,1840.7566162850012,0.7995216717620701,0.023196146016940974,0.13500995764201082,216.44343204913255,42.90403962664823,0.8941597574047213,0.1523028102726308,0.36743701180203775,191.76544106671244,41.27249091704877,0.8276849409525049,0.1304797263831678,0.2614713964486853,0.26596535125166665,-9.052132564978976,0.03479381837342488,-4.305705720339233,-1.312276767263696,187.17134086125947,40.820905535771686,0.8161541893229365,0.12746680270431865,0.253608255737153,46797.41140512614,1840.0532736678347,0.7983350783895553,0.02315300244190104,0.13479299065106862
s4_modulate_full,per_tensor,A,8,True,10.718956980097435,1.0808474797378018,0.9954917860346113,52.894502686877765,0.6984568258232021,0.0015062522935858978,5.015926235287009e-05,0.0002689762302693773,7.272860694862632,0.8357372947423144,0.038810466289209894,0.007082320407385569,0.016400494817821114,4.91830116362393,0.4588739077818459,0.014796303578747599,0.0033286288111209397,0.008937394893364727,0.9991712218834046,0.9961858180804701,0.9981816077334662,0.9885269611167624,0.9953933213589534,0.0604437541108922,0.01358038598035699,0.0004803089731459029,0.0001904636149830767,0.00010449208804418943,0.9485866192996752,0.021267553031468434,3.340635023142344e-05,2.288707039421018e-06,1.1047547220244735e-05
s4_modulate_full,per_tensor,A,6,True,12.5319171348203,1.2180774737658395,0.9949662171748713,61.85490531664535,0.802582023531283,0.0017462081126924313,5.5188132104743934e-05,0.0002969376800752344,7.864788955632907,0.8958694232594854,0.041787655027441195,0.007428871522966589,0.017231879760352158,5.525799078841459,0.5325686300808069,0.018869411641217453,0.003657931765771009,0.009492316499943618,0.9990308257129481,0.9956172039130912,0.9978919259798641,0.9873766966292967,0.9949144336391563,0.667941669328421,0.087275108279318,0.0045534170356157574,0.0005197665696331458,0.0006594136946230806,9.908989249067261,0.12539275073954936,0.00027336216933795694,7.317576791294859e-06,3.900899702610186e-05
s4_modulate_full,per_tensor,A,4,True,22.173344503867334,1.6591459962613928,0.9903984451567924,108.75017637709183,2.112600082377892,0.0033063866727949297,9.366542957784975e-05,0.0005460077645882482,10.428335263937951,1.453478614351753,0.05750118844680455,0.009678090182357765,0.023366809037355704,7.203237190605154,1.036706986200487,0.03464515188203928,0.005545454275937084,0.015595198343347707,0.998296046625284,0.9884633656090251,0.9960084323313013,0.9785756993792727,0.9906486818390784,2.3453797810921166,0.5914134643989981,0.020329157276437585,0.002407289079799221,0.0067622955380271695,56.804260309513744,1.4354108095861584,0.0018335407294404553,4.579487426440068e-05,0.0002880790815391157
s4_modulate_full,per_tensor,A,2,True,1535.3605632865492,14.763005755178716,0.7731499725324851,7637.9683631800535,38.737434278558986,0.07077765884458562,0.0012672737945132024,0.024974041494630717,87.39547106789946,6.223940414123434,0.2660407089988027,0.035598789228191485,0.15803177368690993,68.41347572556343,5.06966926499379,0.18160461587755516,0.024034736582349427,0.1262444328764471,0.8803244058815538,0.7884599076541108,0.9145551193286718,0.7101336654858921,0.5722767643121969,63.55561831605039,4.624375743192301,0.16728862127195346,0.020896571386211565,0.11741153007112656,7586.022447112476,38.06024500576725,0.06930481290123114,0.0012194032391997533,0.024716112811581585
s4_modulate_full,per_tensor,B,8,True,10.522024277616797,1.0656041799802416,0.9956723012744583,51.93169374249162,0.6766495045345818,0.0014725714511452292,4.7818094765727616e-05,0.00025775151187774713,7.206364807757905,0.8225870802137497,0.038374098701405734,0.006915062889499098,0.01605464144345015,4.857007494010324,0.4447273859473283,0.014320599587362995,0.00313353270561495,0.008831887650577764,0.9991863076662938,0.99630490502686,0.9982222682414603,0.98906246155077,0.9955855638869073,-0.0008499155027141825,-0.0005661358541605988,4.6049817612990596e-06,-4.63249052291316e-06,-1.0151547427741936e-06,-0.014222325086471699,-0.0005397682571518514,-2.744922092451276e-07,-5.246054772145868e-08,-1.7717117138541048e-07
s4_modulate_full,per_tensor,B,6,True,10.578543180077812,1.0701322090020295,0.9956463005602414,52.2115330808665,0.6793944701008426,0.0014782349962840558,4.794074753580627e-05,0.00026217367788565477,7.225754845057124,0.8242538869188563,0.03844782173653087,0.006923925731534551,0.01619177809524497,4.876242199523717,0.4478676301958844,0.014486577988192424,0.003136303662891654,0.008928333639461676,0.9991819230004396,0.9962899151267752,0.9982154310424562,0.9890344069117215,0.9955098267198149,0.018384790010679275,0.00257410839439548,0.0001705833825907284,-1.8615332462090448e-06,9.543083414113862e-05,0.2656170132884128,0.0022051973091089527,5.389052929581466e-06,7.01922223571969e-08,4.244994836522225e-06
s4_modulate_full,per_tensor,B,4,True,10.951690215634624,1.0955613319277515,0.9956002760874876,54.05731088101029,0.6993224694531448,0.0015026440895340493,4.7835855224039914e-05,0.0002672477649288757,7.352367705780927,0.836255026563754,0.03876395348173415,0.0069163469565978195,0.016347714364059452,4.9871282600911195,0.46336014429284905,0.015128822792353334,0.0030918154368225746,0.009097617025612294,0.9991530024099973,0.9961810909131492,0.9981859636639911,0.9890583991619062,0.9954229242883941,0.12927085057808174,0.01806662249136015,0.0008128281867516383,-4.634975931528838e-05,0.0002647142202917563,2.1113948134321987,0.022133196661411114,2.979814617957489e-05,-3.470008940916061e-08,9.319081879743149e-06
s4_modulate_full,per_tensor,B,2,True,13.991617073765138,1.3103198454525116,0.9945540735424343,69.1316389453292,0.8242184935082428,0.001725494694006905,5.178201619381999e-05,0.0004506532780485759,8.314543820639182,0.9078647991348948,0.041539074303683095,0.007195972220195127,0.021228595762522208,5.9752564396968975,0.5421829665259601,0.01817853692251771,0.0033728176238253366,0.01260846649335676,0.9989168101293733,0.9954990499635019,0.9979169318308173,0.988155785045947,0.9922817907425319,1.1173990301838597,0.0968894447244712,0.0038625423169160143,0.00023465242768747367,0.0037755636880362226,17.18572287775111,0.14702922071650915,0.0002526487506524307,3.9114608803709125e-06,0.00019272459499944334
s4_modulate_full,per_tensor,C,8,True,10.523329146435344,1.0658611183726923,0.9956735260841754,51.93803918585808,0.676827793846982,0.0014731934428262783,4.778139056520958e-05,0.0002577776382656761,7.2068050609030685,0.822695444163259,0.038382202162281914,0.006912408448956816,0.016055455093695603,4.8583471645472684,0.44461934834646244,0.014368628455195145,0.003129660803227854,0.008840789711307823,0.9991862082426423,0.9963039314121043,0.9982215173547281,0.9890708569836366,0.9955851164277653,0.0004897550342306545,-0.0006741734550264611,5.263384959344926e-05,-8.504392910009106e-06,7.886905987285545e-06,-0.007876881720008555,-0.00036147894475169196,3.474994718039113e-07,-8.916474823949725e-08,-1.5104478345644937e-07
s4_modulate_full,per_tensor,C,6,True,10.50846576412579,1.064608635206387,0.9956584004282568,51.85730309095091,0.683247156669899,0.0014721504082402526,4.791516325647571e-05,0.0002585074366429807,7.201201503287552,0.826587658188712,0.038368612279313055,0.006922077957988895,0.016078166457745756,4.8464046718913325,0.4503161732467805,0.014281674879035818,0.0031490019155847927,0.00889165409920197,0.999187473257063,0.996268876106309,0.9982227765368936,0.9890402588604502,0.9955726173805682,-0.011452737621705289,0.005022651445291626,-3.431972656587831e-05,1.0836719446929727e-05,5.8751293881432326e-05,-0.08861297662718215,0.006057883878165304,-6.955351142218062e-07,4.4607943026637575e-08,5.78753593848179e-07
s4_modulate_full,per_tensor,C,4,True,12.317434957708269,1.1928774922825882,0.995385888230049,60.86822869552009,0.7171036352841239,0.001508351259958602,5.0366190424279615e-05,0.00028374028675373056,7.801809321915019,0.8468197182896274,0.0388374981166218,0.007096914148013883,0.016844592210965827,5.4525256010198335,0.4830072686046636,0.015383617264106888,0.0034761684355298812,0.009994806088807238,0.9990462854668016,0.9960839902782735,0.9981790737992534,0.9884796300018706,0.9951404616040467,0.5946681915067957,0.037713746803174686,0.001067622658505192,0.0003380032393920183,0.0011619032834867,8.922312627941999,0.03991436249239022,3.550531660412759e-05,2.4956351108305403e-06,2.5811603704598018e-05
s4_modulate_full,per_tensor,C,2,True,241.6345641082691,4.903782999321611,0.979295653971523,1206.2219127410538,1.9282661803906826,0.02115661880665606,0.00010925016323730128,0.0013757509314882316,34.73070561824297,1.3886202434037473,0.14545314986845784,0.010452280288879612,0.03709111661150459,23.34745156188249,1.0502029703728917,0.08707332087246857,0.006209096776913984,0.027978046703289194,0.9811002982492228,0.9894699890825481,0.9744591047676086,0.9750109688215962,0.9764379089366386,18.489594152369452,0.6049094485714028,0.07275732626686687,0.0030709315807761215,0.019145143897968654,1154.2759966734757,1.251076907598949,0.019683772863301585,6.13796079238522e-05,0.001117822248439099
s4_modulate_full,per_tensor,A+B+C,8,True,10.710879232237843,1.0804174973256069,0.9955043441694602,52.85485504421203,0.6977174262620461,0.0015054060386335082,4.995823552042728e-05,0.00026832644098831796,7.270134458468566,0.8352948139800978,0.03879956235105633,0.00706811400024273,0.016380672788024245,4.916978537347666,0.4580381320299568,0.01481935617204774,0.0033169026659909933,0.008934558412373573,0.9991718431029444,0.9961898558453444,0.9981826293574448,0.9885729424282292,0.9954044501133391,0.05912112783462842,0.0127446102284679,0.0005033615664460436,0.00017873746985313035,0.00010165560705303542,0.9089389766339409,0.02052815347031245,3.256009527903385e-05,2.0876802069782086e-06,1.0397757939185415e-05
s4_modulate_full,per_tensor,A+B+C,6,True,12.635918501931078,1.22534450146854,0.9948974137049289,62.35922277896496,0.8182577843400287,0.0017501885980682804,5.5569706890321576e-05,0.0003061880454487035,7.896785597885064,0.9045760246325506,0.041835255444042416,0.007454509164949868,0.01749822978042932,5.551946222372063,0.5426982020259237,0.01871149622166431,0.0036883418690007736,0.009678244854048156,0.9990229238090572,0.9955316006213184,0.9978871206203269,0.9872894181856665,0.994756005288275,0.6940888128590252,0.09740468022443477,0.004395501616062614,0.0005501766728629107,0.0008453420487276181,10.413306711386873,0.14106851154829503,0.00027734265471380604,7.699151576872502e-06,4.825936239957095e-05
s4_modulate_full,per_tensor,A+B+C,4,True,40.81170495432103,2.1728645777550613,0.9888799873152244,201.6880335531524,2.3650114074162367,0.004756312683804948,0.00010109275545306806,0.000622405597243511,14.20169122158176,1.53785935878943,0.06896602557640209,0.010054489318362623,0.024948057985412633,9.675344271971257,1.120655956100662,0.04477279335221634,0.005864464340039726,0.017685403011130824,0.9968398487537063,0.9870849801789577,0.9942580388170846,0.9768768307243596,0.9893402381020137,4.817486862458219,0.6753624342991731,0.030456798746614642,0.0027262991439018633,0.008852500205810286,149.7421174855743,1.687822134624503,0.0032834667404504736,5.322220013961899e-05,0.0003644769141943784
s4_modulate_full,per_tensor,A+B+C,2,True,2868.5832502716444,21.70629339204008,0.6996687430672954,14294.066835588996,48.63410441230707,0.1899968250680573,0.0016501486231811897,0.023664383227715628,119.55779705058552,6.973815627926155,0.4358862524421449,0.040622021406882126,0.15383232179134407,102.40676498450054,5.618427284350843,0.3444565994369566,0.02822999717381389,0.1335880947382542,0.7760332513074635,0.7344154787186447,0.7706302198901672,0.622557860127794,0.5947069052924077,97.54890757498751,5.173133762549354,0.33014060483135493,0.025091831977676025,0.12475519193293366,14242.120919521418,47.95691513951533,0.1885239791247028,0.0016022780678677407,0.023406454544666496
s4_modulate_full,per_channel,A,8,True,10.765596593970642,1.084267875671242,0.9954790668763909,53.12636271283258,0.6997939065953438,0.0015059969260957187,5.0311002759311815e-05,0.0002700424964249287,7.288783349286256,0.8365368531005336,0.03880717621904122,0.007093024937169742,0.01643296979930678,4.934316328955246,0.4599126419685531,0.014799174927257101,0.003332590496682967,0.008978642008470771,0.9991675889819523,0.9961785164562071,0.9981819160206444,0.9884922531983921,0.995375059724758,0.07645891944220828,0.014619120167064181,0.00048318032165540516,0.00019442530054510423,0.00014573920315023338,1.1804466452544915,0.022604633803610108,3.3150982741244304e-05,2.4404474458627408e-06,1.2113813375796143e-05
s4_modulate_full,per_channel,A,6,True,12.370717645248961,1.2039961245432647,0.9950113070082061,61.083669141105226,0.7678099757896399,0.0017568358761167148,5.500458998929926e-05,0.00029726888383507745,7.81560420831974,0.8762476680651652,0.04191462604052092,0.0074165079376549755,0.017241487286051557,5.474936456510214,0.5129678661536698,0.01895000069707077,0.0036360530353028867,0.00949024632006604,0.9990429098357312,0.9958070895450983,0.9978790958298929,0.9874186786228195,0.9949087612074891,0.6170790469971763,0.06767434435218095,0.004634006091469075,0.0004978878391650237,0.0006573435147455026,9.137753073527136,0.09062070299790626,0.0002839899327622404,7.134034675850187e-06,3.9340200785944904e-05
s4_modulate_full,per_channel,A,4,True,22.678448308592422,1.6836760478840038,0.9905275564188866,111.43293954160632,1.9554849656347466,0.003178202013400227,9.52699245864604e-05,0.0005435637830588562,10.556180158637229,1.3983865580141803,0.05637554446211785,0.009760631362082085,0.023314454380466556,7.369097759017344,0.9950540544624108,0.033335057864730865,0.0055209482153429894,0.015372419860189963,0.9982540117201462,0.9893213508350414,0.9961631806389548,0.9782086996915133,0.9906905392087771,2.5112403495043063,0.5497605326609218,0.01901906325912917,0.0023827830192051265,0.006539517054869425,59.48702347402823,1.278295692843013,0.0017053560700457525,4.7399369273011324e-05,0.00028563510000972366
s4_modulate_full,per_channel,A,2,True,1433.371948553176,14.149144572955393,0.7827824577277298,7130.012564996751,36.753229404630645,0.06944679553607233,0.001276889628153981,0.023224679332864498,84.4394017328211,6.062444177444494,0.2635275991923281,0.03573359243280727,0.15239645446290573,65.49975046244047,4.9273147193079625,0.1747234894528585,0.023576612741226955,0.12035758083444713,0.8882833170792674,0.7992953925043889,0.9161617768310832,0.7079342146151979,0.6022375876087116,60.641893052927436,4.482021197506474,0.1604074948472568,0.02043844754508909,0.11152467802912659,7078.066648929173,36.07604013183891,0.06797394959271785,0.001229019072840532,0.022966750649815366
s4_modulate_full,per_channel,B,8,True,10.525920793254336,1.065990600212558,0.9956680643007798,51.95047864783156,0.6773467733650548,0.0014727783506161983,4.788168993434565e-05,0.0002578850345174882,7.2076680450636434,0.8230107978423216,0.0383767944286153,0.00691965966896824,0.01605879928629436,4.858174700546057,0.44548510402761754,0.014320709694452812,0.0031393133365896853,0.008833173458074212,0.999186013334791,0.9963010973324286,0.9982220184663068,0.9890479152873659,0.9955832770830065,0.00031729103301891826,0.0001915822261286393,4.7150888511163225e-06,1.1481404518223423e-06,2.7065275367416097e-07,0.0045625802534701165,0.0001575005733210899,-6.759273827607569e-08,1.1134620896573785e-08,-4.364853164432088e-08
s4_modulate_full,per_channel,B,6,True,10.524154864842094,1.0660391148871873,0.9956667570346888,51.94096839351059,0.6780277525175572,0.0014722922023718485,4.7888830775470966e-05,0.0002579971491740917,7.207008283158178,0.8234244060735371,0.03837046002293755,0.006920175631837025,0.016062289661629554,4.8575924303351306,0.4463179221074899,0.014319296315657887,0.0031387016966735394,0.008827223980984091,0.999186162346319,0.9962973785938108,0.9982226053588291,0.9890462819470007,0.9955813569274843,-0.000264979177907243,0.0010244003060009832,3.30171005619162e-06,5.365005356764742e-07,-5.678824336446606e-06,-0.0049476740675018505,0.0008384797258235155,-5.53740982625877e-07,1.8275462021891174e-08,6.846612495914686e-08
s4_modulate_full,per_channel,B,4,True,10.569567378865543,1.0709605746940014,0.995639432299724,52.1635411748088,0.6825085474565621,0.001478150602190543,4.81151687041868e-05,0.00026090629145541404,7.222433189362765,0.8261407552327642,0.03844672420623821,0.006936509835946807,0.016152593954390546,4.8781798593147725,0.44997357625204804,0.014560862790010395,0.0031703650970281295,0.008918210016148093,0.9991826749621652,0.9962729095551965,0.998215532925499,0.9889945111725694,0.9955315328831896,0.0203224498017347,0.004680054450559135,0.0002448681844086989,3.219990089026658e-05,8.530721082755481e-05,0.2176251072307096,0.0053192746648283995,5.3046588360686295e-06,2.4461339073772486e-07,2.9776084062815e-06
s4_modulate_full,per_channel,B,2,True,10.993020931671364,1.096720332241878,0.9954982328573243,54.26828256133961,0.6950092015205659,0.0015061315659986058,5.099618656560485e-05,0.0002557677440863377,7.366700927914721,0.8336721187136859,0.03880891090972028,0.0071411614297399026,0.01599274035574697,4.999775804566574,0.4581526646273057,0.013761306223209278,0.0033766852619953403,0.008535200530306208,0.999149696797826,0.9962046451085615,0.9981817534793761,0.9883355295927604,0.9956195393080972,0.1419183950535361,0.012859142825816794,-0.0005546883823924174,0.00023852006585747734,-0.0002977022750143294,2.322366493761521,0.0178199287288322,3.3285622644131435e-05,3.1256312521557732e-06,-2.160938962794852e-06
s4_modulate_full,per_channel,C,8,True,10.531852255835322,1.0664707960457964,0.9956667591572413,51.9803633191633,0.677118895276153,0.0014731722431539768,4.790377038373206e-05,0.00025798872361096494,7.209740863523688,0.8228723444594265,0.03838192599589,0.006921254971732516,0.01606202738171508,4.86062246246678,0.4454161828908398,0.014335222089364896,0.003141957284783179,0.008838155497214152,0.9991855450864785,0.9963023417450457,0.9982215429475987,0.9890428647774006,0.9955815012296839,0.0027650529537419644,0.00012266108935088393,1.922748376319977e-05,3.7920886453162057e-06,5.252691893614311e-06,0.03444725158521322,-7.03775155806996e-05,3.2629979950242645e-07,3.321507028298501e-08,6.00405618323991e-08
s4_modulate_full,per_channel,C,6,True,10.525200666482935,1.066402804362858,0.9956537653279884,51.94452946704211,0.679690910271916,0.0014755607252141493,4.8011893433545684e-05,0.0002593824820072947,7.207255335218957,0.8244336906458372,0.03841302806619323,0.006929061511744984,0.016105355693287086,4.857943093670953,0.4476582092793462,0.014361582658017714,0.0031592427369538864,0.00889189346901831,0.9991861065495978,0.9962882963055412,0.9982186595014951,0.9890181335533654,0.9955576307299423,8.568415791554429e-05,0.0023646874778572857,4.5588052416018626e-05,2.1077540816023463e-05,5.899066369777217e-05,-0.0013866005359801648,0.002501637480182284,2.7147818596748915e-06,1.4133812009660922e-07,1.453798958162163e-06
s4_modulate_full,per_channel,C,4,True,10.687190856195315,1.0810710791289242,0.9956121356754355,52.73930410259805,0.6948701707003017,0.0014720230491319663,4.8517386172790234e-05,0.0002594672429177344,7.262183149893567,0.8335887299503885,0.0383669525650913,0.00696544228120442,0.01610798692940041,4.91686635112633,0.46237365609400455,0.014120049946368915,0.0031609992007694513,0.008834339277147628,0.9991736536141865,0.9962054043377957,0.9982229302885716,0.9889025110824498,0.995556179054174,0.05900894161329262,0.017080134292515647,-0.0001959446592327812,2.2834004631588304e-05,1.436471827090044e-06,0.7933880350199587,0.017680897908567972,-8.228942225080391e-07,6.4683085934116e-07,1.5385598686018759e-06
s4_modulate_full,per_channel,C,2,True,15.789712906060606,1.3873204176441871,0.9950049789649237,78.09194697596614,0.8547342553275333,0.0015447356497080324,5.397118809354039e-05,0.00028459217156595276,8.836964805631295,0.9245183910163893,0.039303125190091846,0.007346508564858575,0.016869859856144413,6.349351974645835,0.5590680121989066,0.014833344444935987,0.0035040719449494257,0.009844684986308888,0.9987764154411444,0.9953324073555574,0.99813514948908,0.9876550509212925,0.9951258716175442,1.4914945651327969,0.11377449039741766,0.0005173498393342916,0.0003659067488115627,0.0010117821809883503,26.14603090838805,0.17754498253579964,7.1889706353558e-05,6.100632780091318e-06,2.6663488516820216e-05
s4_modulate_full,per_channel,A+B+C,8,True,10.776414611921428,1.0850866116703004,0.9954768753954066,53.18058190582092,0.6996648435098465,0.0015060674705704407,5.0370657721966125e-05,0.00026987214808127304,7.292501759055045,0.8364597082405383,0.038808085118573435,0.00709722887625629,0.016427785854498868,4.938347741380524,0.4599443621275275,0.014824308552998686,0.003337901503933224,0.008978744786518352,0.9991667394479107,0.9961792212529376,0.9981818308572705,0.9884786081870022,0.9953779772319127,0.08049033186748655,0.014650840326038583,0.0005083139473969905,0.00019973630779536108,0.0001458419811978147,1.234665838242833,0.02247557071811279,3.322152721596636e-05,2.5001024085170504e-06,1.1943465032140498e-05
s4_modulate_full,per_channel,A+B+C,6,True,12.465893588743572,1.2114158170106752,0.9949878763425712,61.55942326180965,0.7679329035320562,0.0017569849185465009,5.5315020063407344e-05,0.00029947843755106065,7.845981344727353,0.8763178096627138,0.04191640393147414,0.007437406810401549,0.017305445315017487,5.511332658670461,0.5135572205402297,0.01895595081204843,0.003667711684095403,0.009565543346540532,0.999035455476883,0.9958064182526788,0.9978789159014686,0.9873476732662073,0.9948709188156187,0.6534752491574229,0.06826369873874077,0.004639956206446735,0.0005295464879575399,0.0007326405412199938,9.613507194231559,0.09074363074032255,0.0002841389751920265,7.44446474995827e-06,4.15497545019281e-05
s4_modulate_full,per_channel,A+B+C,4,True,24.059441390104265,1.7317506212111549,0.9896901714629005,118.14182982106604,2.1512715508420404,0.003427288458165555,0.00010489244218262783,0.0005733977128964669,10.869306777392293,1.4667213610096637,0.05854304790635311,0.010241701137146496,0.02394572431346496,7.553965696134146,1.0486797346422083,0.034554636471772766,0.005846433111134677,0.01570660569651345,0.9981488933965432,0.9882521857474156,0.9958624761243204,0.9760077199849376,0.9901795820612859,2.696108286621108,0.6033862128407195,0.02023864186617107,0.002708267914996814,0.006873702891192912,66.19591375348796,1.4740822780503067,0.0019544425148110807,5.702188686917876e-05,0.0003154690298473344
s4_modulate_full,per_channel,A+B+C,2,True,1295.490755973226,13.615516945317442,0.7885614372043441,6440.946109727465,36.42456905269195,0.05781291124542255,0.0012025499590443422,0.024085624768520296,80.25550516772955,6.035277048544827,0.24044315595463006,0.034677802108039404,0.15519544055325948,62.906643637538934,4.865023171755747,0.1640158388431898,0.022794868550510484,0.11910720989883672,0.899079962666198,0.8010901639572319,0.9302065456350552,0.7249380913520953,0.5874924224111397,58.0487862280259,4.419729649954259,0.1496998442375881,0.01965670335437262,0.11027430709351618,6389.000193659887,35.747379779900214,0.05634006530206808,0.0011546794037308932,0.023827696085471164
