model,granularity,subset,bits,mse,rmse,mae,r2,nz_mae,ny_mae,mse_fp32_table2,mse_baseline_measured,delta_mse_vs_table2,delta_mse_vs_measured,delta_mse_pct_vs_measured,delta_nz_mae_vs_measured,delta_ny_mae_vs_measured,weight_mean_rel_l2_err,weight_max_rel_l2_err,weight_max_abs_err,n_params_quantized,n_tensors_quantized,direction_norm_mean_dev,params,space,n_test_samples,wall_clock_sec,precision,gpu
s4_concat,per_tensor,A,8,10.404666267848828,1.6120625722529685,1.0319000171564432,0.9960398525498194,0.008291427605351098,0.003013706918102714,10.232754160949133,10.21053228048407,0.17191210689969516,0.19413398736475784,1.901311136695747,0.00042828689381883486,7.832392535647367e-07,0.0035841525056495706,0.006542425003503531,0.19307327270507812,32768,8,0.004702621791111619,320645,physical,79829,27.454400300979614,fp32,NVIDIA RTX A4000
s4_concat,per_tensor,A,6,18.31283557261361,2.0999387694171014,1.5183645147759732,0.9950549231912381,0.011273724347000934,0.003606629226459689,10.232754160949133,10.21053228048407,8.080081411664478,8.102303292129541,79.35240856753278,0.0034105836354686708,0.0005937055476105397,0.013950771314605995,0.026904135734718213,0.7815093994140625,32768,8,0.01079775547268042,320645,physical,79829,27.456094980239868,fp32,NVIDIA RTX A4000
s4_concat,per_tensor,A,4,57.67595358734229,3.863758293798014,2.9001141200631304,0.9679831130985164,0.026626357708727504,0.013021433946829418,10.232754160949133,10.21053228048407,47.44319942639316,47.46542130685822,464.8672567010182,0.018763216997195242,0.010008510267980268,0.059882098862442126,0.1108464272694887,3.281787872314453,32768,8,0.020510083618244503,320645,physical,79829,27.460714101791382,fp32,NVIDIA RTX A4000
s4_concat,per_tensor,A,2,13114.230933978717,60.23542154920237,46.55305699487504,-5.191640367503273,0.19268027432674958,0.23197327449016283,10.232754160949133,10.21053228048407,13103.998179817769,13104.020401698233,128338.26916883305,0.18481713361521732,0.2289603508113137,0.36634153435812417,0.7968052712920879,16.4107666015625,32768,8,0.34804212906653703,320645,physical,79829,27.45196008682251,fp32,NVIDIA RTX A4000
s4_concat,per_tensor,B,8,10.225165542804913,1.5989655044271625,1.0144283644762218,0.9960705916767439,0.00787165144976381,0.0030129770353289195,10.232754160949133,10.21053228048407,-0.007588618144220405,0.014633262320842277,0.14331537199888789,8.510738231546841e-06,5.33564797700406e-08,0.0032008172924252324,0.0039019616788007476,0.00745081901550293,16384,4,0.004941699471796922,320645,physical,79829,27.53764033317566,fp32,NVIDIA RTX A4000
s4_concat,per_tensor,B,6,10.211591644266882,1.5981787077853664,1.0151397784182778,0.9960700908355111,0.007958765999583086,0.003010306293532024,10.232754160949133,10.21053228048407,-0.02116251668225111,0.0010593637828115732,0.010375206244990685,9.5625288050823e-05,-2.617385317125326e-06,0.013017672014304616,0.015956737147626746,0.030157029628753662,16384,4,0.004943078486733966,320645,physical,79829,27.486045360565186,fp32,NVIDIA RTX A4000
s4_concat,per_tensor,B,4,10.242510355478954,1.601265395113175,1.0117351054775086,0.9960389864723405,0.008034091223073796,0.003005599402138931,10.232754160949133,10.21053228048407,0.009756194529821016,0.0319780749948837,0.3131871494692307,0.00017095051154153267,-7.3242767102185e-06,0.05453915763588717,0.06670947441856541,0.12663280963897705,16384,4,0.004711906001864428,320645,physical,79829,27.369362115859985,fp32,NVIDIA RTX A4000
s4_concat,per_tensor,B,2,14.901524442889926,1.913330980007655,1.347805978169694,0.9948566816518655,0.010956583033177252,0.004268735080799747,10.232754160949133,10.21053228048407,4.668770281940793,4.6909921624058555,45.94267990682519,0.0030934423216449885,0.0012558114019505977,0.2532083638289241,0.3264137137223631,0.6332792639732361,16384,4,0.01100730187002968,320645,physical,79829,27.49742078781128,fp32,NVIDIA RTX A4000
s4_concat,per_tensor,C,8,10.27227061128589,1.6024469865557467,1.0185140704401676,0.9960602294396091,0.007835726388097727,0.0030289123282948006,10.232754160949133,10.21053228048407,0.0395164503367571,0.061738330801819785,0.6046534020544994,-2.741432343453601e-05,1.5988649445651103e-05,0.009754616896686703,0.011895407816944387,0.009911417961120605,32768,8,0.0049953054640725246,320645,physical,79829,27.97062039375305,fp32,NVIDIA RTX A4000
s4_concat,per_tensor,C,6,10.400407448729508,1.6104851280106793,1.0240970604748336,0.9960764817970217,0.007829634209742226,0.003004271969078369,10.232754160949133,10.21053228048407,0.16765328778037514,0.18987516824543782,1.8596010769032703,-3.350650179003746e-05,-8.651709770780489e-06,0.03927388086106316,0.047274693358667456,0.040115922689437866,32768,8,0.0050502661930980994,320645,physical,79829,27.524256944656372,fp32,NVIDIA RTX A4000
s4_concat,per_tensor,C,4,17.67875314186839,2.0726606905269787,1.4955098539901273,0.9951136589275104,0.009713145182893531,0.004070443182454899,10.232754160949133,10.21053228048407,7.445998980919258,7.468220861384321,73.14232653334562,0.0018500044713612683,0.0010575195036057498,0.16450612994603225,0.19942130524471455,0.168516144156456,32768,8,0.011166866197855039,320645,physical,79829,27.475569486618042,fp32,NVIDIA RTX A4000
s4_concat,per_tensor,C,2,320.1590982803568,8.509708982922133,6.475174311947112,0.9645327160975444,0.04010610280918471,0.011631794846244905,10.232754160949133,10.21053228048407,309.92634411940764,309.9485659998727,3035.576965877614,0.03224296209765245,0.008618871167395755,0.7280962152564637,0.7799500435876199,0.8416939377784729,32768,8,0.04773610234124537,320645,physical,79829,27.43052864074707,fp32,NVIDIA RTX A4000
s4_concat,per_tensor,A+B+C,8,10.429487655493139,1.6139788625156417,1.0337472999038524,0.9960359438932643,0.008239195330656016,0.0030227216471879117,10.232754160949133,10.21053228048407,0.1967334945440058,0.21895537500906848,2.144407059243811,0.00037605461912375293,9.79796833876223e-06,0.0059756712194195555,0.011895407816944387,0.19307327270507812,81920,20,0.0047170486661806885,320645,physical,79829,27.50356960296631,fp32,NVIDIA RTX A4000
s4_concat,per_tensor,A+B+C,6,18.951720904177733,2.135723884379243,1.5576930434694938,0.9950254666217665,0.011361660731260784,0.003576031270645401,10.232754160949133,10.21053228048407,8.7189667432286,8.741188623693663,85.60952929360165,0.0034985200197285207,0.0005631075917962515,0.023893395273128587,0.047274693358667456,0.7815093994140625,81920,20,0.010738057151214356,320645,physical,79829,27.54643750190735,fp32,NVIDIA RTX A4000
s4_concat,per_tensor,A+B+C,4,59.0773056362955,3.9315472575146897,2.9446817013559063,0.9600494736403491,0.03272134650939481,0.015192708358713312,10.232754160949133,10.21053228048407,48.844551475346364,48.86677335581143,478.59183060625617,0.024858205797862548,0.012179784679864162,0.1006631230505672,0.19942130524471455,3.281787872314453,81920,20,0.03823069332965358,320645,physical,79829,27.48339581489563,fp32,NVIDIA RTX A4000
s4_concat,per_tensor,A+B+C,2,5351.801977519846,42.68728402668471,37.08841086865715,-9.18773334150903,0.1565573413850996,0.3340696295931322,10.232754160949133,10.21053228048407,5341.569223358897,5341.591445239363,52314.52483088496,0.14869420067356734,0.33105670591428304,0.48841677261162,0.7968052712920879,16.4107666015625,81920,20,0.41101018129049255,320645,physical,79829,27.340059518814087,fp32,NVIDIA RTX A4000
s4_concat,per_channel,A,8,10.168296929547315,1.596367339230338,1.0171752833817824,0.996032230576042,0.008105675307787545,0.0030754727361795116,10.232754160949133,10.21053228048407,-0.0644572314018177,-0.04223535093675501,-0.41364494794734324,0.0002425345962552821,6.25490573303621e-05,0.001722833952639181,0.0019409618688291162,0.18853759765625,32768,8,0.004995810217606445,320645,physical,79829,27.499744653701782,fp32,NVIDIA RTX A4000
s4_concat,per_channel,A,6,19.278101301128956,2.1512233005392516,1.5685671206248044,0.9949702003035101,0.011381666800048873,0.0036848696971607197,10.232754160949133,10.21053228048407,9.045347140179823,9.067569020644886,88.80603646860027,0.00351852608851661,0.0006719460183115702,0.006914082133221836,0.007743131911331246,0.7808609008789062,32768,8,0.011329868123682042,320645,physical,79829,27.47761082649231,fp32,NVIDIA RTX A4000
s4_concat,per_channel,A,4,44.73610865980422,3.464400291801347,2.573508973916856,0.9723418392221832,0.02259732769018296,0.011715912625454116,10.232754160949133,10.21053228048407,34.50335449885509,34.52557637932016,338.13689072126743,0.014734186978650697,0.008702988946604966,0.029008428973907766,0.032167763245991535,3.2174911499023438,32768,8,0.01885522512771372,320645,physical,79829,27.5092031955719,fp32,NVIDIA RTX A4000
s4_concat,per_channel,A,2,11801.479859424457,57.37612188340262,44.76986128857316,-5.133948800251324,0.19262904182385757,0.23661199864112084,10.232754160949133,10.21053228048407,11791.247105263508,11791.269327143973,115481.43625853129,0.1847659011123253,0.2335990749622717,0.1447943446955646,0.16199897203120725,16.27983856201172,32768,8,0.32919943774668614,320645,physical,79829,27.435006618499756,fp32,NVIDIA RTX A4000
s4_concat,per_channel,B,8,10.213376145121476,1.5982664132745417,1.0139800972345416,0.9960698305083548,0.007858042878671645,0.0030137732195143507,10.232754160949133,10.21053228048407,-0.01937801582765708,0.002843864637405602,0.027852266260802394,-5.0978328606180595e-06,8.495406652012268e-07,0.001347823301602793,0.0014184471670586527,0.004946351051330566,16384,4,0.004951345158479763,320645,physical,79829,27.517433166503906,fp32,NVIDIA RTX A4000
s4_concat,per_channel,B,6,10.203237475835081,1.5974368004835524,1.013047871123487,0.9960719429662968,0.007872686865337089,0.0030103528380220064,10.232754160949133,10.21053228048407,-0.02951668511405181,-0.007294804648989128,-0.07144392132163446,9.54615380482568e-06,-2.5708408271430706e-06,0.005456487499307491,0.005678111103809846,0.020306766033172607,16384,4,0.004935139012820223,320645,physical,79829,27.48148465156555,fp32,NVIDIA RTX A4000
s4_concat,per_channel,B,4,10.192394191132228,1.597828610229721,1.0140271185936958,0.9960432136796268,0.008089512112001658,0.0030216370990098626,10.232754160949133,10.21053228048407,-0.040359969816904595,-0.018138089351841913,-0.1776409775081971,0.000226371400469395,8.713420160713116e-06,0.022776100708754646,0.023824433795711,0.08484569191932678,16384,4,0.004824466921251518,320645,physical,79829,27.496039867401123,fp32,NVIDIA RTX A4000
s4_concat,per_channel,B,2,10.841648237882367,1.645100593901692,1.0618194316347174,0.9959005063056386,0.00908062226499048,0.003092411936515453,10.232754160949133,10.21053228048407,0.6088940769332343,0.631115957398297,6.181028961678934,0.0012174815534582162,7.948825766630361e-05,0.1154752901725763,0.1207286446556668,0.42823362350463867,16384,4,0.006024510743446967,320645,physical,79829,27.45366144180298,fp32,NVIDIA RTX A4000
s4_concat,per_channel,C,8,10.219402197595823,1.5986726793248756,1.0142669782292484,0.9960706937503965,0.007864867522019923,0.003009579869302501,10.232754160949133,10.21053228048407,-0.013351963353310126,0.008869917111752557,0.08687027148140061,1.7268104876601298e-06,-3.3438095466483027e-06,0.003551351415679433,0.003812651725549277,0.009899616241455078,32768,8,0.004988000238147546,320645,physical,79829,27.489168405532837,fp32,NVIDIA RTX A4000
s4_concat,per_channel,C,6,10.197292391044625,1.5970892777777768,1.0121410598824858,0.9960625616800749,0.007826668728773852,0.003028108412141555,10.232754160949133,10.21053228048407,-0.03546176990450789,-0.013239889439445207,-0.12966894453437366,-3.6471982758410834e-05,1.5184733292405647e-05,0.014311334675532124,0.015205398668407566,0.03956246376037598,32768,8,0.005017847486408484,320645,physical,79829,27.530784130096436,fp32,NVIDIA RTX A4000
s4_concat,per_channel,C,4,10.40549245086248,1.6151715175284072,1.0305146443042303,0.9960124137157885,0.00785876119027724,0.00300889655738974,10.232754160949133,10.21053228048407,0.1727382899133474,0.19496017037841007,1.9094026150923369,-4.37952125502232e-06,-4.0271214594095675e-06,0.05985004713355554,0.06436075755175745,0.15922409296035767,32768,8,0.005349540732892259,320645,physical,79829,27.50297737121582,fp32,NVIDIA RTX A4000
s4_concat,per_channel,C,2,43.774480623900104,3.1901128917084893,2.4419421117122635,0.9918891799491754,0.019048386821561923,0.00445571175186919,10.232754160949133,10.21053228048407,33.54172646295097,33.56394834341603,328.7188896857863,0.01118524611002966,0.001442788073020041,0.29955574378230365,0.32031787167316267,0.833398163318634,32768,8,0.028651552750901806,320645,physical,79829,27.510008096694946,fp32,NVIDIA RTX A4000
s4_concat,per_channel,A+B+C,8,10.158668523525964,1.5957981031806077,1.0165362865971486,0.9960313422787564,0.008100930563325724,0.003072968367017302,10.232754160949133,10.21053228048407,-0.07408563742316865,-0.05186375695810597,-0.5079437147193189,0.00023778985179346082,6.0044688168152654e-05,0.002379238807648004,0.003812651725549277,0.18853759765625,81920,20,0.005009880774845826,320645,physical,79829,27.447651386260986,fp32,NVIDIA RTX A4000
s4_concat,per_channel,A+B+C,6,19.215273019512175,2.1475996596682876,1.5679019966559775,0.9949732370521094,0.011295650463700287,0.0036876459003000526,10.232754160949133,10.21053228048407,8.982518858563042,9.004740739028104,88.19070829675884,0.0034325097521680243,0.0006747222214509032,0.009581464223363081,0.015205398668407566,0.7808609008789062,81920,20,0.01125686282820119,320645,physical,79829,27.477533102035522,fp32,NVIDIA RTX A4000
s4_concat,per_channel,A+B+C,4,46.214760959739294,3.4961036803751533,2.6080562918477517,0.9740091475203222,0.022669374316803468,0.010991929335581812,10.232754160949133,10.21053228048407,35.98200679879016,36.00422867925522,352.6185284979903,0.014806233605271205,0.007979005656732662,0.04009861058473625,0.06436075755175745,3.2174911499023438,81920,20,0.01908321755284812,320645,physical,79829,27.402205228805542,fp32,NVIDIA RTX A4000
s4_concat,per_channel,A+B+C,2,9737.894724253576,52.15227425105204,46.85151360950911,-2.8738711765913627,0.2614713964486853,0.1304797263831678,10.232754160949133,10.21053228048407,9727.661970092628,9727.684191973092,95271.07818429924,0.253608255737153,0.12746680270431865,0.20083509342566255,0.32031787167316267,16.27983856201172,81920,20,0.5042448698169928,320645,physical,79829,27.443483352661133,fp32,NVIDIA RTX A4000
s4_modulate_full,per_tensor,A,8,10.718956980097435,1.634178254223873,1.0808474797378018,0.9954917860346113,0.008937394893364727,0.0033286288111209397,10.567923254529283,10.524976797110309,0.1510337255681513,0.19398018298712572,1.8430461817301493,0.00010449208804418943,0.0001904636149830767,0.003501890627938063,0.0056219889055305556,0.19567108154296875,32768,8,0.0061571075815437274,431141,physical,79829,34.19786334037781,fp32,NVIDIA RTX A4000
s4_modulate_full,per_tensor,A,6,12.5319171348203,1.7654213570406305,1.2180774737658395,0.9949662171748713,0.009492316499943618,0.003657931765771009,10.567923254529283,10.524976797110309,1.9639938802910173,2.0069403377099917,19.068358784990465,0.0006594136946230806,0.0005197665696331458,0.013279195679500597,0.02248143092741549,0.7924613952636719,32768,8,0.00945900754584213,431141,physical,79829,34.28798985481262,fp32,NVIDIA RTX A4000
s4_modulate_full,per_tensor,A,4,22.173344503867334,2.394471993191245,1.6591459962613928,0.9903984451567924,0.015595198343347707,0.005545454275937084,10.567923254529283,10.524976797110309,11.60542124933805,11.648367706757025,110.6735713655459,0.0067622955380271695,0.002407289079799221,0.05973511674708772,0.09020658447719827,3.3277664184570312,32768,8,0.022512555251067334,431141,physical,79829,34.253995418548584,fp32,NVIDIA RTX A4000
s4_modulate_full,per_tensor,A,2,1535.3605632865492,18.81581655078736,14.763005755178716,0.7731499725324851,0.1262444328764471,0.024034736582349427,10.567923254529283,10.524976797110309,1524.79264003202,1524.8355864894388,14487.780979318555,0.11741153007112656,0.020896571386211565,0.3419480077631894,0.6348790276988224,16.642242431640625,32768,8,0.16243530748804938,431141,physical,79829,34.21700382232666,fp32,NVIDIA RTX A4000
s4_modulate_full,per_tensor,B,8,10.522024277616797,1.6180591382012017,1.0656041799802416,0.9956723012744583,0.008831887650577764,0.00313353270561495,10.567923254529283,10.524976797110309,-0.04589897691248623,-0.0029525194935118293,-0.028052503586729616,-1.0151547427741936e-06,-4.63249052291316e-06,0.004120682684171174,0.004486441495273951,0.006205558776855469,16384,4,0.005940075776141634,431141,physical,79829,34.2510244846344,fp32,NVIDIA RTX A4000
s4_modulate_full,per_tensor,B,6,10.578543180077812,1.6223144515078585,1.0701322090020295,0.9956463005602414,0.008928333639461676,0.003136303662891654,10.567923254529283,10.524976797110309,0.010619925548528641,0.053566382967503046,0.5089453782188859,9.543083414113862e-05,-1.8615332462090448e-06,0.01664511715899679,0.018093000970198996,0.025118142366409302,16384,4,0.005997457689212422,431141,physical,79829,34.29341411590576,fp32,NVIDIA RTX A4000
s4_modulate_full,per_tensor,B,4,10.951690215634624,1.6501301494294143,1.0955613319277515,0.9956002760874876,0.009097617025612294,0.0030918154368225746,10.567923254529283,10.524976797110309,0.3837669611053407,0.4267134185243151,4.054293199406118,0.0002647142202917563,-4.634975931528838e-05,0.07064945600652359,0.0769516597412951,0.10546761751174927,16384,4,0.006562067678510282,431141,physical,79829,34.22598648071289,fp32,NVIDIA RTX A4000
s4_modulate_full,per_tensor,B,2,13.991617073765138,1.8584744524120957,1.3103198454525116,0.9945540735424343,0.01260846649335676,0.0033728176238253366,10.567923254529283,10.524976797110309,3.4236938192358544,3.4666402766548288,32.93727239005994,0.0037755636880362226,0.00023465242768747367,0.34496975620440906,0.3818083475167349,0.5273569226264954,16384,4,0.007573908721362232,431141,physical,79829,34.29770040512085,fp32,NVIDIA RTX A4000
s4_modulate_full,per_tensor,C,8,10.523329146435344,1.6181701141542522,1.0658611183726923,0.9956735260841754,0.008840789711307823,0.003129660803227854,10.567923254529283,10.524976797110309,-0.044594108093939155,-0.0016476506749647513,-0.015654672753455598,7.886905987285545e-06,-8.504392910009106e-06,0.011726230115669955,0.019827145267630044,0.01036003790795803,32768,8,0.005985464041034264,431141,physical,79829,34.28545141220093,fp32,NVIDIA RTX A4000
s4_modulate_full,per_tensor,C,6,10.50846576412579,1.6178316036342626,1.064608635206387,0.9956584004282568,0.00889165409920197,0.0031490019155847927,10.567923254529283,10.524976797110309,-0.05945749040349391,-0.016511032984519503,-0.15687476849405216,5.8751293881432326e-05,1.0836719446929727e-05,0.04744774941953443,0.07951220173762816,0.04188535362482071,32768,8,0.0058972153105185,431141,physical,79829,34.29632210731506,fp32,NVIDIA RTX A4000
s4_modulate_full,per_tensor,C,4,12.317434957708269,1.7422816089360496,1.1928774922825882,0.995385888230049,0.009994806088807238,0.0034761684355298812,10.567923254529283,10.524976797110309,1.7495117031789853,1.7924581605979597,17.03051888047952,0.0011619032834867,0.0003380032393920183,0.1984003716932697,0.3323286424896457,0.176112562417984,32768,8,0.006781054987080577,431141,physical,79829,34.255924701690674,fp32,NVIDIA RTX A4000
s4_modulate_full,per_tensor,C,2,241.6345641082691,7.262464481683113,4.903782999321611,0.979295653971523,0.027978046703289194,0.006209096776913984,10.567923254529283,10.524976797110309,231.0666408537398,231.1095873111588,2195.820397196612,0.019145143897968654,0.0030709315807761215,0.7679451500974147,0.8873300715411414,0.8737492561340332,32768,8,0.06642784388627804,431141,physical,79829,34.25898838043213,fp32,NVIDIA RTX A4000
s4_modulate_full,per_tensor,A+B+C,8,10.710879232237843,1.633535524317597,1.0804174973256069,0.9955043441694602,0.008934558412373573,0.0033169026659909933,10.567923254529283,10.524976797110309,0.14295597770856006,0.18590243512753446,1.7662978143436383,0.00010165560705303542,0.00017873746985313035,0.006915384834277442,0.019827145267630044,0.19567108154296875,81920,20,0.006179264746736598,431141,physical,79829,34.27127957344055,fp32,NVIDIA RTX A4000
s4_modulate_full,per_tensor,A+B+C,6,12.635918501931078,1.773629923381407,1.22534450146854,0.9948974137049289,0.009678244854048156,0.0036883418690007736,10.567923254529283,10.524976797110309,2.067995247401795,2.1109417048207693,20.05649746800715,0.0008453420487276181,0.0005501766728629107,0.02761980147141337,0.07951220173762816,0.7924613952636719,81920,20,0.009123194815901459,431141,physical,79829,34.301870822906494,fp32,NVIDIA RTX A4000
s4_modulate_full,per_tensor,A+B+C,4,40.81170495432103,3.1687038306502733,2.1728645777550613,0.9888799873152244,0.017685403011130824,0.005864464340039726,10.567923254529283,10.524976797110309,30.243781699791747,30.28672815721072,287.760521861921,0.008852500205810286,0.0027262991439018633,0.1173840865774477,0.3323286424896457,3.3277664184570312,81920,20,0.03190453891225204,431141,physical,79829,34.246790647506714,fp32,NVIDIA RTX A4000
s4_modulate_full,per_tensor,A+B+C,2,2868.5832502716444,25.432390654830407,21.70629339204008,0.6996687430672954,0.1335880947382542,0.02822999717381389,10.567923254529283,10.524976797110309,2858.015327017115,2858.058273474534,27155.007831078827,0.12475519193293366,0.025091831977676025,0.5129512143851234,0.8873300715411414,16.642242431640625,81920,20,0.2840605598719595,431141,physical,79829,34.21471881866455,fp32,NVIDIA RTX A4000
s4_modulate_full,per_channel,A,8,10.765596593970642,1.6375306746684615,1.084267875671242,0.9954790668763909,0.008978642008470771,0.003332590496682967,10.567923254529283,10.524976797110309,0.19767333944135856,0.24061979686033297,2.2861788818992594,0.00014573920315023338,0.00019442530054510423,0.0017105141378806325,0.0019569632761814062,0.19138336181640625,32768,8,0.006151160019574659,431141,physical,79829,34.31371331214905,fp32,NVIDIA RTX A4000
s4_modulate_full,per_channel,A,6,12.370717645248961,1.7516848995298264,1.2039961245432647,0.9950113070082061,0.00949024632006604,0.0036360530353028867,10.567923254529283,10.524976797110309,1.8027943907196775,1.845740848138652,17.536768809271013,0.0006573435147455026,0.0004978878391650237,0.007071749512900028,0.008281157959455094,0.7714118957519531,32768,8,0.009457445664414702,431141,physical,79829,34.214383602142334,fp32,NVIDIA RTX A4000
s4_modulate_full,per_channel,A,4,22.678448308592422,2.4088034693712155,1.6836760478840038,0.9905275564188866,0.015372419860189963,0.0055209482153429894,10.567923254529283,10.524976797110309,12.110525054063139,12.153471511482113,115.47266797603694,0.006539517054869425,0.0023827830192051265,0.028784236369706263,0.03244988243454102,3.2386703491210938,32768,8,0.021595583262885295,431141,physical,79829,34.29175090789795,fp32,NVIDIA RTX A4000
s4_modulate_full,per_channel,A,2,1433.371948553176,18.190700711270726,14.149144572955393,0.7827824577277298,0.12035758083444713,0.023576612741226955,10.567923254529283,10.524976797110309,1422.8040252986468,1422.8469717560656,13518.765876488356,0.11152467802912659,0.02043844754508909,0.14442607970997345,0.16240994942216097,16.211265563964844,32768,8,0.1573895316692249,431141,physical,79829,34.262320041656494,fp32,NVIDIA RTX A4000
s4_modulate_full,per_channel,B,8,10.525920793254336,1.6184068192579684,1.065990600212558,0.9956680643007798,0.008833173458074212,0.0031393133365896853,10.567923254529283,10.524976797110309,-0.04200246127494722,0.0009439961440271816,0.008969104276660837,2.7065275367416097e-07,1.1481404518223423e-06,0.0016202296080213218,0.0016416580451675648,0.005676925182342529,16384,4,0.005938881101064772,431141,physical,79829,34.201725244522095,fp32,NVIDIA RTX A4000
s4_modulate_full,per_channel,B,6,10.524154864842094,1.6183571229096239,1.0660391148871873,0.9956667570346888,0.008827223980984091,0.0031387016966735394,10.567923254529283,10.524976797110309,-0.04376838968718921,-0.0008219322682148089,-0.007809349930733102,-5.678824336446606e-06,5.365005356764742e-07,0.0066748206268571805,0.006759289349284748,0.022858470678329468,16384,4,0.005937593731211064,431141,physical,79829,34.2379412651062,fp32,NVIDIA RTX A4000
s4_modulate_full,per_channel,B,4,10.569567378865543,1.6220219545184211,1.0709605746940014,0.995639432299724,0.008918210016148093,0.0031703650970281295,10.567923254529283,10.524976797110309,0.0016441243362592672,0.04459058175523367,0.4236644185997281,8.530721082755481e-05,3.219990089026658e-05,0.02755225434860426,0.02768260528587353,0.09398472309112549,16384,4,0.006075850446841117,431141,physical,79829,34.32533311843872,fp32,NVIDIA RTX A4000
s4_modulate_full,per_channel,B,2,10.993020931671364,1.652463171864723,1.096720332241878,0.9954982328573243,0.008535200530306208,0.0033766852619953403,10.567923254529283,10.524976797110309,0.42509767714208024,0.46804413456105465,4.446984953824875,-0.0002977022750143294,0.00023852006585747734,0.13743050177171123,0.13850694723596751,0.46765756607055664,16384,4,0.00574769206482077,431141,physical,79829,34.31064009666443,fp32,NVIDIA RTX A4000
s4_modulate_full,per_channel,C,8,10.531852255835322,1.6187956832664905,1.0664707960457964,0.9956667591572413,0.008838155497214152,0.003141957284783179,10.567923254529283,10.524976797110309,-0.0360709986939618,0.0068754587250126065,0.06532516752816313,5.252691893614311e-06,3.7920886453162057e-06,0.003956275064673369,0.004313657910814031,0.010349258780479431,32768,8,0.0059503149763673515,431141,physical,79829,34.30869507789612,fp32,NVIDIA RTX A4000
s4_modulate_full,per_channel,C,6,10.525200666482935,1.6186272942272038,1.066402804362858,0.9956537653279884,0.00889189346901831,0.0031592427369538864,10.567923254529283,10.524976797110309,-0.042722588046348875,0.0002238693726255292,0.0021270296072005953,5.899066369777217e-05,2.1077540816023463e-05,0.015914731541433032,0.0172963847442553,0.04173016548156738,32768,8,0.00594364333861257,431141,physical,79829,34.33218550682068,fp32,NVIDIA RTX A4000
s4_modulate_full,per_channel,C,4,10.687190856195315,1.6314424523239304,1.0810710791289242,0.9956121356754355,0.008834339277147628,0.0031609992007694513,10.567923254529283,10.524976797110309,0.11926760166603145,0.16221405908500586,1.5412296123022582,1.436471827090044e-06,2.2834004631588304e-05,0.0659855504497855,0.07073547603944454,0.16924989223480225,32768,8,0.005800017444525796,431141,physical,79829,34.30661702156067,fp32,NVIDIA RTX A4000
s4_modulate_full,per_channel,C,2,15.789712906060606,1.965000538051756,1.3873204176441871,0.9950049789649237,0.009844684986308888,0.0035040719449494257,10.567923254529283,10.524976797110309,5.2217896515313225,5.264736108950297,50.02135596532393,0.0010117821809883503,0.0003659067488115627,0.3323658101387732,0.36036458181785797,0.8737492561340332,32768,8,0.00693110324378533,431141,physical,79829,34.29634642601013,fp32,NVIDIA RTX A4000
s4_modulate_full,per_channel,A+B+C,8,10.776414611921428,1.6382589134289822,1.0850866116703004,0.9954768753954066,0.008978744786518352,0.003337901503933224,10.567923254529283,10.524976797110309,0.20849135739214475,0.25143781481111915,2.388963127027062,0.0001458419811978147,0.00019973630779536108,0.0025907616026258646,0.004313657910814031,0.19138336181640625,81920,20,0.006173712842922765,431141,physical,79829,34.24444127082825,fp32,NVIDIA RTX A4000
s4_modulate_full,per_channel,A+B+C,6,12.465893588743572,1.7577916820893917,1.2114158170106752,0.9949878763425712,0.009565543346540532,0.003667711684095403,10.567923254529283,10.524976797110309,1.897970334214289,1.9409167916332635,18.441055301577034,0.0007326405412199938,0.0005295464879575399,0.01052955654710466,0.0172963847442553,0.7714118957519531,81920,20,0.009411508789363435,431141,physical,79829,34.32080912590027,fp32,NVIDIA RTX A4000
s4_modulate_full,per_channel,A+B+C,4,24.059441390104265,2.485751722351784,1.7317506212111549,0.9896901714629005,0.01570660569651345,0.005846433111134677,10.567923254529283,10.524976797110309,13.491518135574982,13.534464592993956,128.59377131083005,0.006873702891192912,0.002708267914996814,0.043418365597517564,0.07073547603944454,3.2386703491210938,81920,20,0.022716134049125623,431141,physical,79829,34.33021831512451,fp32,NVIDIA RTX A4000
s4_modulate_full,per_channel,A+B+C,2,1295.490755973226,17.34421972297806,13.615516945317442,0.7885614372043441,0.11910720989883672,0.022794868550510484,10.567923254529283,10.524976797110309,1284.9228327186968,1284.9657791761156,12208.727904549016,0.11027430709351618,0.01965670335437262,0.2182028562938409,0.36036458181785797,16.211265563964844,81920,20,0.15459671081594628,431141,physical,79829,34.25328087806702,fp32,NVIDIA RTX A4000
